{"v":"5.6.7","fr":25,"ip":0,"op":625,"w":945,"h":2048,"nm":"001","ddd":0,"assets":[{"id":"image_0","w":945,"h":2048,"u":"images/","p":"img_0.jpg","e":0},{"id":"image_1","w":1080,"h":2160,"u":"images/","p":"img_1.jpg","e":0},{"id":"image_2","w":945,"h":2048,"u":"images/","p":"img_2.jpg","e":0},{"id":"image_3","w":1080,"h":2160,"u":"images/","p":"img_3.jpg","e":0},{"id":"image_4","w":970,"h":2048,"u":"images/","p":"img_4.jpg","e":0},{"id":"image_5","w":1080,"h":2160,"u":"images/","p":"img_5.jpg","e":0},{"id":"image_6","w":946,"h":2048,"u":"images/","p":"img_6.jpg","e":0},{"id":"image_7","w":1080,"h":2160,"u":"images/","p":"img_7.jpg","e":0}],"layers":[{"ddd":0,"ind":1,"ty":2,"nm":"001.jpg","cl":"jpg","refId":"image_0","sr":1,"ks":{"o":{"a":1,"k":[{"i":{"x":[0.833],"y":[0.833]},"o":{"x":[0.167],"y":[0.167]},"t":0,"s":[50]},{"i":{"x":[0.833],"y":[0.833]},"o":{"x":[0.167],"y":[0.167]},"t":75,"s":[100]},{"t":100,"s":[0]}],"ix":11},"r":{"a":0,"k":0,"ix":10},"p":{"a":0,"k":[472.5,1024,0],"ix":2},"a":{"a":0,"k":[472.5,1024,0],"ix":1},"s":{"a":0,"k":[100,100,100],"ix":6}},"ao":0,"ip":0,"op":100,"st":0,"bm":0},{"ddd":0,"ind":2,"ty":2,"nm":"002.jpg","cl":"jpg","refId":"image_1","sr":1,"ks":{"o":{"a":1,"k":[{"i":{"x":[0.833],"y":[0.833]},"o":{"x":[0.167],"y":[0.167]},"t":150,"s":[100]},{"t":175,"s":[0]}],"ix":11},"r":{"a":0,"k":0,"ix":10},"p":{"a":0,"k":[472.5,1024,0],"ix":2},"a":{"a":0,"k":[540,1080,0],"ix":1},"s":{"a":0,"k":[100,100,100],"ix":6}},"ao":0,"ip":75,"op":175,"st":75,"bm":0},{"ddd":0,"ind":3,"ty":2,"nm":"003.jpg","cl":"jpg","refId":"image_2","sr":1,"ks":{"o":{"a":1,"k":[{"i":{"x":[0.833],"y":[0.833]},"o":{"x":[0.167],"y":[0.167]},"t":225,"s":[100]},{"t":250,"s":[0]}],"ix":11},"r":{"a":0,"k":0,"ix":10},"p":{"a":0,"k":[472.5,1024,0],"ix":2},"a":{"a":0,"k":[472.5,1024,0],"ix":1},"s":{"a":0,"k":[100,100,100],"ix":6}},"ao":0,"ip":150,"op":250,"st":150,"bm":0},{"ddd":0,"ind":4,"ty":2,"nm":"004.jpg","cl":"jpg","refId":"image_3","sr":1,"ks":{"o":{"a":1,"k":[{"i":{"x":[0.833],"y":[0.833]},"o":{"x":[0.167],"y":[0.167]},"t":300,"s":[100]},{"t":325,"s":[0]}],"ix":11},"r":{"a":0,"k":0,"ix":10},"p":{"a":0,"k":[472.5,1024,0],"ix":2},"a":{"a":0,"k":[540,1080,0],"ix":1},"s":{"a":0,"k":[100,100,100],"ix":6}},"ao":0,"ip":225,"op":325,"st":225,"bm":0},{"ddd":0,"ind":5,"ty":2,"nm":"005.jpg","cl":"jpg","refId":"image_4","sr":1,"ks":{"o":{"a":1,"k":[{"i":{"x":[0.833],"y":[0.833]},"o":{"x":[0.167],"y":[0.167]},"t":375,"s":[100]},{"t":400,"s":[0]}],"ix":11},"r":{"a":0,"k":0,"ix":10},"p":{"a":0,"k":[472.5,1024,0],"ix":2},"a":{"a":0,"k":[485,1024,0],"ix":1},"s":{"a":0,"k":[100,100,100],"ix":6}},"ao":0,"ip":300,"op":400,"st":300,"bm":0},{"ddd":0,"ind":6,"ty":2,"nm":"006.jpg","cl":"jpg","refId":"image_5","sr":1,"ks":{"o":{"a":1,"k":[{"i":{"x":[0.833],"y":[0.833]},"o":{"x":[0.167],"y":[0.167]},"t":450,"s":[100]},{"t":475,"s":[0]}],"ix":11},"r":{"a":0,"k":0,"ix":10},"p":{"a":0,"k":[472.5,1024,0],"ix":2},"a":{"a":0,"k":[540,1080,0],"ix":1},"s":{"a":0,"k":[100,100,100],"ix":6}},"ao":0,"ip":375,"op":475,"st":375,"bm":0},{"ddd":0,"ind":7,"ty":2,"nm":"007.jpg","cl":"jpg","refId":"image_6","sr":1,"ks":{"o":{"a":1,"k":[{"i":{"x":[0.833],"y":[0.833]},"o":{"x":[0.167],"y":[0.167]},"t":525,"s":[100]},{"t":550,"s":[0]}],"ix":11},"r":{"a":0,"k":0,"ix":10},"p":{"a":0,"k":[472.5,1024,0],"ix":2},"a":{"a":0,"k":[473,1024,0],"ix":1},"s":{"a":0,"k":[100,100,100],"ix":6}},"ao":0,"ip":450,"op":550,"st":450,"bm":0},{"ddd":0,"ind":8,"ty":2,"nm":"008.jpg","cl":"jpg","parent":1,"refId":"image_7","sr":1,"ks":{"o":{"a":0,"k":100,"ix":11},"r":{"a":0,"k":0,"ix":10},"p":{"a":0,"k":[472.5,1024,0],"ix":2},"a":{"a":0,"k":[540,1080,0],"ix":1},"s":{"a":0,"k":[100,100,100],"ix":6}},"ao":0,"ip":525,"op":625,"st":525,"bm":0}],"markers":[]}